Source,Target,Weight
25,26,3
26,521,2
28,10,1
29,29,1
29,29,3
30,1494,1
31,1945,1
33,1740,1
35,334,1
37,560,3
32,2006,1
38,596,1
39,26,2
39,1436,2
41,2098,2
42,1278,2
45,111,1
44,2115,1
46,2178,19
46,1184,10
46,1076,7
46,1444,5
47,1764,1
48,1496,1
49,607,1
50,50,2
52,459,1
55,1830,2
58,404,1
59,387,2
61,1114,1
61,282,3
61,1705,1
61,1444,1
86,234,1
107,1468,4
114,1444,3
114,1345,1
114,1444,2
114,1496,1
114,431,3
114,1633,1
114,282,4
116,1867,365
239,239,2
244,747,1
265,1220,11
295,1444,1
301,535,1
301,593,1
301,1145,1
60,1221,1
60,1183,1
60,259,1
60,535,1
60,1051,1
60,2115,1
60,1522,1
60,782,1
60,267,3
60,298,1
60,168,1
63,56,9
67,440,2
68,1508,1
73,73,2
74,398,1
79,600,1
79,2288,6
79,600,2
80,1418,1
81,1526,2
82,549,2
91,3,3
91,91,2
91,91,2
91,370,7
90,1163,5
92,851,1
97,2235,1
97,358,1
97,1013,1
97,164,1
98,1522,1
99,440,2
105,1248,1
109,1522,1
109,1609,3
113,358,1
120,121,8
122,440,1
123,123,1
127,1967,2
127,276,3
128,387,2
128,1137,1
135,1348,7
136,1715,9
143,2099,4
153,1699,1
153,1522,6
153,168,2
155,1987,2
158,590,1
158,0,3
161,616,2
161,1800,2
161,657,3
161,593,3
161,616,2
163,1920,2
163,500,1
163,1254,2
168,1348,10
168,135,8
170,219,1
169,2256,1
175,1778,4
176,2115,1
176,851,1
176,1812,2
176,2115,1
177,1076,1
177,1231,2
187,245,1
200,25,1
202,1220,1
205,1392,1
209,535,1
210,1494,1
210,982,1
212,2050,4
218,212,1
225,17,2
231,1394,2
235,593,1
237,1060,1
242,358,1
247,459,3
256,431,3
256,590,4
256,2134,3
256,1444,7
256,1114,1
257,1162,1
257,1460,1
257,2306,1
258,1385,1
264,1608,1
272,2302,1
273,5,4
273,387,3
280,280,1
291,1608,2
291,2139,1
291,600,1
291,1448,1
291,965,1
291,1448,1
291,2347,1
291,2356,1
291,382,2
291,1820,1
291,600,1
291,1220,1
291,2347,1
291,190,1
291,1220,1
291,1162,2
291,2007,1
291,19,1
291,1460,1
291,593,1
291,1220,1
291,1220,1
291,261,3
291,2151,1
291,249,2
291,2151,3
291,881,3
291,535,2
291,374,1
291,1522,1
291,730,1
292,730,1
292,1715,1
292,1367,1
304,1348,3
305,1186,1
305,807,1
305,1553,3
310,1699,1
311,1646,2
312,1358,6
312,1221,1
312,27,1
312,1399,1
312,1183,1
312,1768,2
312,1410,1
312,1522,1
312,536,3
312,593,3
314,596,14
319,2099,1
330,2115,4
351,1941,57
370,370,3
368,547,3
325,1130,3
333,1779,1
340,1220,1
341,1067,2
343,1610,8
347,1639,1
349,2099,1
355,1221,1
355,1355,1
355,2112,2
357,941,8
357,1779,3
361,281,46
364,1798,1
365,203,2
372,372,3
374,1277,2
379,593,2
388,2235,1
399,660,1
402,345,13
402,431,2
402,961,3
402,1522,2
403,1522,11
403,374,1
403,1608,2
403,1608,2
403,2188,1
403,1573,1
403,2143,1
403,593,2
403,1444,6
403,431,3
403,1444,2
403,2337,3
403,851,2
403,593,2
403,164,1
403,1522,2
403,1608,2
403,2337,1
403,593,1
403,851,2
412,459,1
424,892,7
424,324,4
427,2163,1
435,2337,3
435,174,1
439,2162,1
450,450,2
449,1183,1
455,2095,2
455,358,1
458,2103,3
458,1385,1
458,2157,5
458,1523,1
458,2096,2
458,2099,3
458,1385,1
458,459,1
458,1799,1
458,431,2
458,593,2
458,1522,5
458,77,1
458,440,3
458,1856,3
458,2337,3
458,387,1
458,760,1
462,852,1
462,730,1
462,600,1
462,2002,1
463,181,2
460,1522,1
460,1526,3
460,1220,1
460,2188,3
466,1385,1
466,1348,1
471,1220,1
473,664,1
473,2065,1
473,276,1
473,536,6
474,807,1
475,2003,2
475,1228,3
549,417,2
549,1940,1
480,2285,2
485,276,1
486,470,1
487,2282,2
492,1407,3
491,440,3
491,2096,2
493,149,1
503,596,1
506,500,1
516,657,1
515,417,2
520,1220,5
520,1220,1
520,600,1
520,358,2
520,2199,2
520,1705,2
520,1494,1
520,885,1
522,484,1
522,1664,1
522,1114,2
546,431,1
545,534,1
545,1633,1
545,1096,1
545,885,2
552,26,2
555,2302,3
555,1609,1
555,1248,1
647,1494,20
647,2139,1
647,2228,2
662,1987,1
662,1402,1
662,1522,2
554,1676,2
559,536,2
559,852,1
559,671,1
559,382,1
568,1998,1
568,1768,1
571,1899,3
572,1699,2
577,1355,5
577,2143,13
577,752,4
577,507,9
577,2096,32
579,459,1
594,1555,1
597,959,4
599,359,1
599,1841,3
599,1585,1
599,1077,3
603,2115,66
603,985,12
603,431,8
603,137,7
603,873,3
603,1385,8
603,1597,7
603,358,7
605,2115,17
605,635,1
605,1114,2
608,1689,1
609,387,2
612,230,1
613,1715,4
616,616,14
616,664,25
616,2164,4
616,961,2
616,1652,1
616,1568,4
616,1568,3
616,840,5
616,1873,2
617,1867,16
617,2042,64
617,1756,7
617,1647,3
617,1193,10
617,2115,3
617,253,233
617,1385,1
621,1220,1
621,965,1
621,431,2
621,212,1
626,1380,1
630,664,1
641,1357,1
641,1313,1
641,1114,30
646,2305,1
654,654,4
654,1699,1
654,654,2
664,2228,12
664,1074,6
665,665,2
665,665,3
665,665,2
665,665,2
665,665,3
665,665,3
665,665,4
674,1887,2
679,391,2
684,1183,2
699,2068,1
716,716,2
740,560,1
740,583,1
685,0,6
692,2362,1
694,694,1
694,694,1
698,1169,1
700,500,1
700,26,2
701,1779,1
704,593,1
704,484,3
704,1444,1
708,199,1
709,1114,3
709,1987,1
709,1522,1
709,27,1
709,440,1
709,440,4
709,285,2
709,212,9
711,1779,1
722,1127,2
722,2099,1
722,428,2
723,2212,2
723,670,1
726,1228,2
738,1114,2
738,535,1
738,370,1
744,26,3
747,1900,7
823,184,2
757,593,1
764,1976,3
763,1444,3
762,1522,1
762,1220,1
762,1220,5
769,1597,5
770,1114,1
773,431,97
773,593,2
774,593,8
775,535,13
783,783,2
783,783,2
786,1169,1
787,735,1
789,1183,1
795,468,1
801,465,4
801,2302,7
801,1076,2
801,2302,2
800,2011,1
803,1426,3
803,77,2
803,358,1
805,440,5
805,1522,5
805,1522,5
805,343,2
805,2215,2
805,253,1
805,1768,1
805,2115,1
805,1669,4
805,1812,1
805,2337,14
805,1586,3
810,193,3
810,9,2
810,193,3
818,358,1
820,820,1
822,822,1
828,1385,3
828,1522,1
828,1972,1
828,2339,1
828,2295,1
828,600,1
829,535,1
842,417,2
830,535,3
830,593,3
830,582,3
830,1444,4
834,1522,2
835,199,1
835,1358,1
838,27,1
838,440,1
838,1494,1
838,383,1
838,2188,1
838,1220,1
838,1715,1
838,535,1
840,1537,8
841,1444,1
841,101,1
841,2115,1
841,657,1
841,2115,1
843,536,30
844,1929,1
856,1768,1
856,335,1
856,261,2
856,1410,1
856,1444,1
856,666,1
856,459,1
856,431,1
856,776,1
856,1608,1
856,1103,1
853,2337,2
854,1267,2
854,66,5
855,1903,1
857,222,1
860,1221,1
860,1779,1
863,1215,2
864,1715,1
887,1185,4
886,358,343
886,2151,17
886,101,1
886,984,5
886,664,1
886,1385,3
888,140,1
888,1444,2
903,1522,31
903,1630,1
903,1460,1
974,1715,1
893,1895,9
893,2050,4
893,1670,4
893,1460,34
894,1171,1
895,1114,1
895,216,1
896,0,3
899,899,2
900,358,2
907,1452,1
908,2267,1
913,2206,4
917,1538,1
917,672,1
917,755,1
917,1051,1
917,352,1
917,755,2
917,1976,2
917,1448,1
917,1235,2
917,1715,1
920,1522,1
920,342,1
920,892,1
920,1522,1
919,949,1
921,1527,9
923,76,1
922,1699,22
922,1182,4
926,1705,1
932,2354,1
938,565,2
938,1724,2
939,195,1
946,751,2
947,1248,1
947,2143,1
948,1355,1
950,2096,1
962,57,9
968,249,1
968,664,1
971,267,1
976,1715,1
976,2115,1
976,358,1
976,212,1
976,431,1
978,431,2
978,1385,1
978,2337,1
978,839,3
988,988,1
1004,296,2
1004,1501,1
1008,593,1
1050,657,1
991,1522,1
996,1139,1
1001,507,1
1001,0,1
1001,600,1
1006,440,2
1006,535,2
1006,755,1
1006,1779,1
1006,1221,1
1006,758,1
1006,755,1
1006,2139,1
1006,125,1
1006,535,1
1006,2115,1
1006,1514,1
1006,2143,1
1006,125,1
1006,2337,4
1006,2127,2
1006,1220,1
1007,1586,6
1007,1522,4
1007,1359,1
1007,190,1
1007,161,2
1007,1506,3
1007,431,1
1019,1395,1
1024,1114,1
1025,440,1
1025,1220,1
1026,431,1
1030,909,129
1030,1186,24
1030,358,1
1030,724,4
1030,2178,1
1036,1555,1
1043,2139,1
1043,1727,1
1043,1220,1
1045,697,1
1054,1609,1
1054,664,1
1057,1801,33
1057,440,1
1057,1444,80
1057,1186,72
1057,2115,93
1057,2322,1
1063,77,3
1075,420,2
1133,2121,1
1079,1699,1
1079,1929,1
1083,1555,1
1086,1114,2
1087,299,1
1092,1092,1
1093,2068,1
1097,589,1
1097,1903,1
1097,1929,9
1099,2115,1
1099,600,1
1105,1441,2
1105,2157,1
1105,2186,2
1106,72,4
1111,1220,4
1113,2115,1
1113,593,3
1113,2115,4
1117,431,8
1123,2113,2
1125,2058,2
1126,863,2
1126,2288,3
1126,982,1
1132,328,1
1134,1522,1
1135,1820,1
1136,1610,1
1140,1220,1
1143,664,1
1178,1608,1
1178,1114,1
1178,593,2
1178,593,3
1256,2121,1
1155,1278,1
1155,2036,3
1163,90,1
1166,1166,1
1167,638,2
1172,1172,1
1175,1017,1
1175,298,1
1176,664,1
1190,2099,1
1180,1922,1
1194,1156,1
1198,2099,1
1204,1032,1
1203,0,7
1206,1220,9
1210,1522,1
1210,431,1
1214,440,5
1214,1165,1
1214,1222,3
1217,1901,1
1217,1358,1
1218,381,1
1222,1222,42
1222,1222,92
1227,536,2
1230,2034,1
1230,227,2
1230,1818,2
1234,1515,1
1239,352,1
1239,827,1
1239,1866,1
1245,2151,3
1245,431,2
1245,164,1
1245,1444,1
1245,1895,2
1245,892,1
1245,1608,1
1249,2350,3
1250,24,1
1260,1193,1
1262,941,1
1264,664,1
1265,1444,18
1265,851,19
1271,931,1
1271,182,1
1271,2201,1
1273,213,1
1275,1162,1
1281,140,1
1290,1165,1
1291,593,1
1291,892,1
1291,666,1
1291,1671,1
1291,1526,2
1291,1664,1
1291,1715,1
1298,2015,1
1303,1078,2
1304,0,4
1306,1671,1
1309,1309,1
1322,298,1
1323,25,1
1350,1801,3
1350,1357,1
1404,2074,4
1408,535,1
1426,1664,2
1426,556,2
1428,2151,3
1428,2115,1
1446,1446,14
1446,1446,2
1446,2288,14
1446,1812,7
1446,1446,5
1446,1446,6
1446,1446,1
1447,1447,1
1474,1474,1
1474,1474,2
1324,2115,88
1325,1715,32
1326,0,9
1326,640,5
1326,2054,1
1326,1911,1
1326,1911,2
1326,348,1
1331,1715,1
1333,1220,1
1333,2272,1
1334,760,1
1334,2115,1
1335,2096,1
1336,1747,2
1336,1263,2
1336,2339,7
1337,2115,1
1339,776,2
1342,2068,1
1344,507,1
1351,527,2
1352,507,1
1352,1011,13
1356,401,74
1356,411,2
1361,2307,1
1360,1169,1
1364,383,1
1366,1185,2
1371,697,1
1371,409,2
1372,1444,1
1372,440,1
1376,1671,1
1377,417,2
1381,2337,1
1406,1385,1
1421,1421,258
1409,771,3
1411,570,3
1412,1237,1
1417,451,1
1422,644,4
1422,1616,5
1425,406,17
1425,2096,4
1425,70,2
1425,2115,1
1425,1496,3
1425,1639,3
1425,185,1
1425,780,2
1425,1379,1
1425,1522,9
1434,1220,1
1434,1444,1
1439,2044,7
1449,1799,3
1454,1522,29
1454,1228,11
1454,1076,6
1454,1122,3
1456,350,2
1459,596,2
1459,657,1
1461,1385,1
1462,2096,5
1462,101,12
1462,431,16
1462,1522,4
1462,2127,2
1462,1368,2
1462,1385,1
1463,2306,7
1464,2151,4
1465,669,1
1465,743,1
1466,1699,1
1466,1676,1
1466,1895,1
1466,2302,6
1466,77,1
1472,1347,1
1472,1223,2
1486,2330,1
1532,328,4
1532,1709,2
1541,276,1
1475,1410,1
1480,307,13
1481,234,1
1481,1481,3
1483,1768,1
1490,192,1
1499,2076,1
1499,1677,1
1499,1017,1
1499,1677,1
1499,138,1
1499,1130,1
1499,1715,1
1502,1678,8
1502,2140,6
1502,792,2
1502,637,1
1502,713,6
1505,1522,1
1507,1185,2
1511,1034,2
1511,600,1
1511,386,1
1511,1779,1
1511,535,30
1511,2115,3
1511,2337,1
1517,1927,2
1528,535,1
1528,2337,2
1544,2337,1
1544,1165,1
1550,611,1
1561,1197,1
1563,1279,1
1564,590,3
1565,586,2
1567,2151,2
1567,941,1
1568,616,3
1568,616,4
1568,1385,2
1568,2236,3
1568,1348,6
1569,2302,20
1569,406,3
1569,1410,1
1569,1348,4
1574,1574,2
1577,2188,1
1593,941,1
1619,1619,3
1583,1410,5
1583,2086,3
1583,376,5
1583,2096,1
1583,376,3
1583,1410,2
1583,376,1
1583,376,1
1587,1207,2
1590,336,6
1595,904,2
1595,1508,1
1596,593,7
1596,535,9
1598,1220,1
1600,1385,1
1600,1484,4
1600,1278,2
1600,497,4
1600,1385,1
1600,1526,1
1602,2039,3
1601,2234,2
1604,0,29
1604,618,21
1604,1444,6
1607,1607,2
1607,1633,1
1612,1537,1
1613,965,4
1616,1422,4
1622,760,2
1644,1677,1
1653,1653,1
1624,1261,1
1626,478,1
1629,1278,1
1629,1741,1
1629,168,5
1631,26,2
1635,1169,1
1656,892,1
1663,1390,1
1663,664,1
1665,2151,1
1665,2294,2
1667,241,1
1667,1096,1
1672,851,1
1682,431,5
1682,734,13
1682,1044,1
1682,1220,3
1685,262,2
1687,703,1
1691,883,1
1691,1698,2
1691,1221,2
1691,1524,1
1691,1076,1
1691,1115,2
1691,1814,3
1691,1220,7
1693,1693,2
1694,381,3
1697,459,5
1711,1711,5
1711,1711,4
1711,1711,4
1711,1711,3
1716,1523,2
1716,1929,2
1716,1114,2
1716,1221,3
1716,851,2
1716,168,4
1716,965,2
1716,440,2
1716,440,5
1717,600,1
1720,431,1
1734,440,1
1739,156,1
1743,1591,2
1745,1385,1
1745,1504,4
1754,1545,2
1754,2242,1
1760,1715,16
1760,1452,397
1827,1056,3
1758,115,1
1759,1759,1
1759,1759,2
1759,1759,2
1759,1759,2
1759,1759,1
1759,1759,2
1767,1929,1
1772,535,8
1772,535,4
1772,535,7
1772,535,8
1775,1775,1
1773,2314,1
1776,2337,1
1783,468,1
1783,276,1
1785,2115,1
1785,440,1
1785,269,2
1785,518,1
1785,234,1
1785,2115,1
1785,1221,2
1785,1080,1
1785,229,1
1785,2039,1
1785,370,1
1785,718,1
1785,535,3
1785,1727,1
1785,1959,2
1785,370,1
1786,431,9
1786,484,4
1786,1187,1
1786,431,1
1786,1385,1
1786,1522,1
1786,1522,1
1786,2076,2
1786,440,1
1786,484,1
1786,1385,1
1786,758,3
1786,431,1
1786,657,6
1786,137,1
1786,431,1
1786,431,1
1788,1380,58
1788,2153,3
1788,2153,4
1790,1221,2
1790,1220,1
1790,1494,1
1790,1221,1
1790,1015,3
1792,1492,1
1810,941,213
1810,596,3
1810,1608,1
1802,0,4
1805,459,3
1813,1522,18
1813,1385,2
1813,440,1
1818,1346,1
1818,1645,3
1818,1533,1
1818,1768,35
1836,1715,3
1837,2151,1
1842,1272,1
1843,1639,1
1845,593,1
1848,2115,1
1849,358,1
1852,664,3
1852,536,4
1852,1664,4
1852,625,2
1852,1779,3
1852,459,1
1857,2302,1
1859,851,1
1859,760,1
1862,126,3
1862,358,1
1862,1846,3
1868,507,1
1869,1442,1
1869,1419,1
1870,982,7
1870,1523,1
1870,1279,1
1870,826,2
1871,2234,2
1875,1385,20
1875,863,1
1875,2151,1
1875,431,5
1876,1114,1
1882,1138,2
1881,666,1
1883,881,4
1884,1385,1
1884,1452,1
1886,2348,11
1888,1888,2
1892,1923,1
1951,1248,1
1951,440,1
2013,440,5
2023,1764,11
2023,1432,1
2024,2024,1
2024,2024,2
2026,664,3
2027,664,3
2046,1385,1
1907,1357,1
1908,1340,1
1914,852,1
1917,1348,2
1917,1015,1
1918,341,6
1918,341,5
1918,1918,2
1918,1639,4
1918,519,8
1918,440,27
1924,1557,1
1925,1410,2
1925,1114,1
1926,276,1
1930,535,1
1935,130,1
1939,440,1
1943,1220,2
1943,535,1
1943,2115,1
1943,1220,1
1944,2199,1
1944,440,2
1950,735,1
1953,1183,1
1954,358,1
1954,1872,1
1954,972,1
1954,2157,1
1954,851,1
1954,705,2
1954,2050,1
1954,358,1
1954,370,1
1954,431,2
1955,1076,2
1955,1220,1
1955,370,2
1955,195,1
1955,2115,1
1955,2096,1
1955,1348,5
1955,2115,5
1958,1715,2
1974,1452,1
1990,593,2
1993,1993,2
1996,288,1
2010,216,1
2010,1209,2
2010,1076,1
2010,1076,4
2008,596,54
2012,1677,1
2014,1731,1
2019,1584,1
2021,1715,3
2032,1715,4
2032,1168,32
2033,760,1
2052,440,1
2055,2055,11
2057,1522,1
2059,742,1
2060,807,2
2061,1444,1
2061,1801,3
2061,1220,3
2061,276,1
2061,1248,2
2072,484,1
2078,1183,1
2080,140,1
2081,782,1
2082,2210,1
2083,600,1
2085,1114,2
2120,1530,6
2120,0,4
2120,1235,2
2120,1373,3
2120,342,4
2120,2050,4
2120,1715,4
2120,1633,6
2120,188,9
2120,1633,5
2120,1633,1
2120,1011,7
2094,1522,1
2100,102,2
2102,2115,1
2101,1509,1
2109,1183,2
2109,565,2
2109,2115,1
2109,1183,1
2109,1522,2
2123,664,1
2123,664,1
2123,1385,1
2122,507,1
2125,941,1
2128,681,1
2132,437,1
2131,585,2
2135,565,6
2136,1938,1
2136,1460,1
2136,657,3
2137,1733,3
2152,104,1
2155,730,1
2156,2145,1
2160,758,1
2161,535,1
2177,2099,1
2181,2181,1
2183,440,5
2185,982,2
2203,1537,1
2217,440,5
2227,281,1
2230,851,4
2230,440,1
2230,2115,1
2230,832,1
2230,1998,1
2230,941,3
2230,1220,1
2230,1220,1
2230,75,1
2230,600,1
2230,1096,1
2230,1494,1
2230,298,1
2230,358,1
2230,398,1
2231,2188,1
2231,1444,2
2273,431,2
2275,1168,132
2275,1168,22
2275,1193,1
2275,831,10
2275,2275,3
2284,1494,1
2239,1610,5
2239,2151,3
2239,1633,3
2239,1220,3
2239,2272,3
2239,1448,3
2239,1496,3
2239,1183,3
2239,1313,3
2239,2115,3
2239,600,3
2239,1220,3
2239,600,4
2239,276,3
2239,1355,3
2239,734,1
2239,2235,4
2239,137,4
2239,2167,4
2243,600,1
2243,1460,3
2243,1460,2
2258,1185,1
2262,1559,10
2263,0,46
2263,0,5
2263,0,4
2278,1221,1
2286,2030,6
2289,472,1
2290,459,2
2291,1940,1
2293,276,1
2313,1162,1
2301,1701,1
2304,1005,1
2306,2331,8
2306,64,3
2306,1839,5
2307,2347,38
2308,1181,2
2318,1035,3
2318,215,1
2319,1022,2
2327,681,1
2327,1114,1
2327,600,1
2327,1460,1
2329,484,4
2328,253,1
2341,687,3
2341,190,1
2341,1975,1
2341,398,1
2341,137,1
2341,1076,1
2343,2343,11
2349,1676,1
2351,2351,1
2355,600,1
2359,657,1
2360,1522,1
2363,459,2
2363,796,1
2363,1163,1
2363,374,1
2363,1103,1
2363,2276,4
2363,358,1
6,782,1
11,1703,2
1,1220,1
1,535,2
4,1548,1
4,2115,2
2,1183,2
8,400,2
12,334,1
16,575,3
21,2252,1
22,1695,1
119,1096,3
119,2115,1
62,444,4
62,664,1
62,1094,3
65,1139,1
69,354,1
71,1715,23
78,78,1
83,2206,2
84,1419,1
87,87,1
88,358,1
93,1715,1
94,276,1
95,276,1
95,2224,3
95,535,2
102,366,127
103,750,3
108,1367,1
110,26,2
112,1586,3
112,681,1
112,681,1
112,851,1
112,1390,1
112,1856,1
112,1705,1
112,2115,1
112,1038,1
112,1856,1
112,1221,3
117,2277,1
118,1076,2
118,1348,1
126,755,10
129,1522,62
129,519,4
129,484,1
129,536,9
132,444,4
133,1920,2
139,1940,1
144,2176,67
144,1096,15
144,1295,5
144,2039,14
144,1299,4
144,593,15
144,965,6
144,1901,3
144,77,8
146,2098,1
147,483,1
148,131,1
149,1774,85
149,1078,2
150,1460,17
151,2210,3
152,1608,1
152,657,1
152,1608,5
152,593,2
152,535,1
152,593,1
152,1445,1
154,1385,1
157,2261,1
157,1655,3
157,882,3
159,159,4
159,159,2
159,159,2
160,1385,103
160,276,49
160,1385,30
160,2139,3
160,440,18
165,759,4
165,2005,12
166,963,2
167,387,1
171,459,1
171,1224,1
171,2172,1
172,1220,1
173,1526,7
178,26,2
179,417,2
180,500,2
180,26,3
183,1523,1
186,1895,1
186,1978,2
191,941,1
194,1460,1
197,1444,1
198,1460,1
201,201,1
204,1114,1
208,2099,9
214,214,1
220,2017,14
221,1444,2
223,1677,1
224,1143,3
228,2036,1
232,1220,1
238,440,1
238,440,14
240,1284,1
240,536,2
240,1152,1
240,298,1
240,440,4
240,1779,1
240,321,1
240,2167,1
240,1385,1
240,1114,18
240,1248,1
243,421,1
243,2310,1
243,1522,1
246,1037,1
246,597,4
248,1680,1
251,2115,1
254,1348,1
260,1610,4
261,797,2
263,263,4
263,2348,1
263,34,2
263,402,1
263,1831,1
263,1774,1
263,1895,2
263,1895,1
263,1586,2
263,1522,3
263,2337,2
263,124,3
263,1456,2
263,1522,25
263,2096,6
263,751,1
263,2337,1
266,358,2
268,1715,59
270,1183,1
271,1452,1
271,267,1
279,1724,1
283,283,1
289,2127,2
293,14,1
294,824,2
297,2300,1
300,300,1
302,1955,1
303,303,1
308,2115,1
309,328,1
313,980,1
315,36,3
315,747,1
315,666,1
315,1435,1
315,431,1
315,1522,1
315,253,1
315,1114,1
315,1784,1
315,1534,3
315,664,3
315,1633,3
315,459,1
315,972,1
315,1850,2
316,331,1
317,1221,1
318,318,2
320,298,1
322,1865,2
322,1815,2
322,567,7
327,2186,2
329,2184,3
323,323,3
337,1193,1
339,298,1
344,2147,2
350,1222,3
350,1456,3
362,362,1
367,358,1
369,369,1
371,657,4
371,941,7
371,1639,1
371,298,1
371,1095,4
371,1715,2
371,825,1
371,1723,2
373,784,6
375,375,3
375,1791,6
377,377,2
380,1728,1
384,384,4
385,370,1
389,1096,1
389,1724,1
390,1706,1
390,1497,1
390,535,3
390,600,1
390,1796,1
390,1220,1
390,535,1
390,2115,2
390,653,2
390,2157,1
390,1278,6
390,1348,3
390,1162,1
390,1003,1
390,2074,1
390,965,1
392,392,48
393,358,1
395,600,1
396,535,1
397,781,7
405,405,235
407,18,3
408,1237,1
410,410,2
413,1213,1
413,459,1
413,1715,1
414,1118,1
415,2253,2
417,951,1
417,2234,2
417,1806,1
417,25,3
418,562,1
419,419,1
422,840,8
423,498,6
425,666,3
425,2176,1
426,484,1
426,51,1
426,431,1
429,429,1
432,2151,5
434,2115,1
434,358,1
436,535,1
438,745,2
438,2172,1
441,358,2
441,2151,1
443,2140,1
443,600,1
443,851,1
444,444,15
445,1300,1
448,2063,164
453,1981,4
453,1353,1
453,664,2
453,325,3
454,195,1
456,1633,4
456,670,2
456,1610,11
456,358,15
456,1460,3
456,2126,5
456,941,1
456,1867,2
457,1606,3
461,461,3
465,135,1
465,431,2
465,1522,1
465,325,3
465,840,2
467,216,1
469,469,3
476,1522,1
481,1519,2
481,600,1
481,1689,2
481,1044,4
481,1860,6
481,734,6
481,1515,1
481,1715,68
481,479,2
482,1220,2
488,1221,3
488,2257,1
489,1065,2
490,512,1
490,1141,3
496,851,1
501,635,1
504,565,1
505,459,3
508,2099,2
509,972,1
511,1833,4
514,535,4
523,540,2
523,523,1
526,1732,1
528,2099,1
530,530,2
530,326,5
530,370,3
530,536,4
531,531,18
532,1766,1
532,1131,2
532,484,1
532,561,2
532,532,2
532,796,3
532,2174,1
532,1131,1
532,1906,4
532,459,2
532,852,1
532,1405,1
532,2143,1
533,217,2
537,500,1
538,358,7
539,1695,1
541,1526,1
542,972,4
543,1537,7
544,544,2
548,0,15
548,358,4
548,589,5
548,596,26
548,1186,1
548,0,7
548,1895,5
548,446,4
550,2006,1
551,551,1
557,664,10
557,2139,1
659,1444,1
659,1385,1
553,1527,6
558,444,3
558,558,2
558,444,5
563,1915,1
564,2228,1
566,18,3
569,535,4
574,190,2
575,1443,2
576,576,1
578,26,2
580,580,6
580,1207,3
580,580,3
580,580,2
580,580,3
580,580,2
580,580,2
584,2267,1
587,440,1
588,164,2
588,440,1
588,440,1
591,1710,6
591,1380,4
591,1357,3
591,1715,2
591,2121,2
591,1782,1
591,1223,1
591,2121,2
591,1645,1
595,1076,1
598,1035,1
598,1801,1
604,502,11
610,1035,1
614,1237,3
615,2115,1
615,459,2
615,1522,1
620,636,2
620,535,1
622,417,2
624,290,2
627,1076,1
627,1542,1
628,628,1
629,1183,1
631,935,1
632,1985,1
633,2245,2
639,1628,3
642,1162,2
642,1636,1
642,2159,1
642,36,3
642,1833,2
642,2147,2
643,1346,1
645,2335,1
648,648,1
651,1248,1
652,666,1
658,2099,3
658,2099,2
663,1998,1
668,1998,1
673,535,2
673,535,2
675,964,1
676,676,4
677,417,2
678,440,5
678,958,3
678,1630,2
678,1114,1
680,331,2
682,941,1
683,358,1
686,1864,1
688,374,52
688,284,3
689,941,1
689,689,1
689,383,2
689,1248,1
689,2115,1
689,2115,1
690,2041,3
691,1251,1
693,535,1
693,619,1
695,666,2
702,370,1
706,1226,2
712,275,1
714,535,1
715,1535,2
717,1183,1
719,657,3
720,1555,5
720,720,2
720,720,2
720,720,2
720,720,2
720,720,2
721,732,3
721,607,2
721,732,1
727,2267,4
728,1487,3
729,941,1
731,1071,1
733,2235,1
736,1523,8
736,431,1
736,736,1
739,298,153
739,979,3
741,1348,1
741,1455,1
741,358,1
746,746,1
748,1987,5
748,982,2
748,358,1
748,2141,1
748,1207,2
748,1193,2
748,338,1
748,370,1
748,338,1
748,358,1
749,229,1
753,2115,2
754,1929,3
761,1438,2
765,106,7
767,1051,4
772,2115,1
777,2115,5
777,1311,1
777,2115,3
777,510,4
777,484,1
777,826,1
777,1911,1
777,1220,1
777,1522,1
778,1625,1
779,211,1
785,378,2
788,1920,2
790,134,1
791,791,2
793,2028,8
793,145,1
793,207,1
793,1220,3
793,358,1
793,1220,2
794,1183,1
798,431,2
802,1705,1
802,593,1
804,535,11
806,2339,2
808,1715,1
809,851,1
812,255,3
812,370,1
814,814,1
815,1522,2
816,1235,1
819,2206,3
836,2346,1
837,358,1
837,1516,1
845,845,2
846,562,1
847,852,2
848,43,1
849,206,1
859,540,1
861,861,1
862,606,153
862,862,2
866,866,20
867,1715,6
868,1715,1
869,1028,11
870,1139,2
870,982,12
872,219,1
875,1163,2
876,253,3
877,1076,1
878,2099,1
879,879,6
879,879,4
880,1578,1
880,1414,881
880,636,1
889,2306,3
890,2244,2
898,417,2
901,901,6795
902,1715,5
906,1992,3
906,2049,2
906,1119,2
906,1119,2
906,1119,2
906,1119,2
906,1119,2
906,1119,1
906,2049,1
910,459,3
911,666,2
911,2223,1
914,1257,1
915,941,1
916,1402,1
924,162,8
925,477,1
925,440,2
925,885,1
925,77,1
928,1715,6
929,2151,1
930,930,2
933,253,2
934,1522,1
936,1715,1
940,1402,1
940,1522,1
942,664,6
942,306,4
942,2310,1
942,1526,1
943,430,4
944,664,21
944,1639,2
945,2115,1
945,1220,1
945,600,1
952,2265,1
953,1460,1
954,954,4
956,2357,2
957,1237,3
960,1522,29
960,850,35
960,1532,5
960,960,5
960,811,3
960,586,21
960,965,8
960,164,3
960,1221,6
960,1526,7
960,2115,5
960,871,5
960,1348,1
960,1348,2
960,1640,1
960,1464,1
960,2121,1
960,1746,1
960,2337,1
960,1522,2
960,2104,1
960,7,2
960,827,1
960,2348,1
960,2121,1
960,96,1
960,965,4
960,1410,1
960,666,1
960,807,1
960,1866,1
960,871,5
960,961,2
960,909,4
960,1522,6
960,1278,3
960,1278,3
960,2298,4
960,1246,7
960,1385,4
960,2348,3
960,742,2
960,1586,3
960,440,26
960,2337,3
960,212,6
960,1385,1
960,212,7
960,965,2
960,431,7
960,1444,1
960,2206,1
960,1741,2
966,966,1
969,417,2
970,358,2
973,1138,1
975,1193,1
977,977,2
981,1643,2
986,2115,1
987,440,2
987,760,4
1012,1699,1
989,1410,1
989,972,6
990,1514,1
992,1522,3
993,1508,1
997,2096,70
997,1522,42
997,2096,1
997,1552,2
997,1929,1
997,1221,1
997,2228,2
998,601,2
1000,2069,1
1002,1114,1
1009,983,3
1010,1358,1
1016,1016,1
1021,1647,2
1023,596,1
1029,1839,9
1031,2337,1
1033,1348,1
1039,440,9
1040,1183,1
1041,1473,1
1042,13,1781
1046,2326,1
1048,1220,5
1049,2029,103
1053,1715,2
1055,494,1
1059,1522,1
1061,140,2
1061,358,1
1064,1064,1
1066,1066,1
1066,1066,2
1068,2234,2
1069,529,10
1070,707,1
1073,1522,2
1076,1076,18
1081,374,1
1081,286,2
1081,23,1
1082,2234,2
1084,1756,2
1084,440,3
1085,1085,1
1088,1088,1
1089,965,1
1090,2233,146
1090,1096,1
1090,27,3
1090,276,1
1090,276,1
1090,927,2
1090,1522,1
1090,2142,2
1090,1248,1
1090,216,1
1090,1385,1
1090,2115,1
1090,1526,1
1090,1535,1
1090,535,1
1090,1385,1
1090,358,2
1091,1091,2
1095,1095,170
1098,1799,1
1100,2067,1
1100,513,1
1101,2099,1
1102,1539,1
1104,1715,1
1108,358,4
1109,2099,2
1110,1110,2
1120,459,1
1121,131,2
1121,1715,1
1124,1220,27
1128,734,1
1128,2115,1
1128,2115,1
1128,535,1
1128,1444,1
1128,852,1
1131,358,40
1131,1014,2
1142,383,1
1144,1207,3
1146,1444,1
1148,1579,2
1151,1357,1
1154,2248,5
1157,1157,6
1158,358,82
1160,1654,3
1160,852,1
1161,766,1
1161,1220,1
1161,1317,1
1164,536,1
1173,433,1
1174,535,1
1174,1452,1
1177,417,2
1179,1221,3
1179,664,4
1188,1370,1
1189,1189,1
1191,274,5
1192,941,2
1195,1508,2
1196,1579,2
1200,1970,2
1201,1920,3
1202,851,9
1205,562,1
1208,525,1
1211,1211,396
1212,575,2
1216,417,2
1219,1647,1
1225,1225,22
1225,1225,2
1229,1112,1
1229,2213,3
1229,1695,4
1232,1232,1
1233,417,2
1236,1236,1
1237,1547,2
1237,1314,2
1237,614,4
1237,278,1
1238,1522,2
1238,370,1
1238,1060,2
1240,1387,1
1241,1241,3
1242,2115,1
1243,26,2
1244,667,2
1247,298,2
1247,600,1
1247,1220,1
1247,2093,1
1253,1586,5
1253,1949,3
1253,1410,1
1253,252,1
1253,1410,1
1253,3,2
1253,650,1
1253,2249,1
1253,2302,1
1253,2188,1
1253,2212,2
1255,562,1
1258,1537,1
1266,1266,1
1268,331,1
1269,1052,1
1270,817,1
1270,2099,1
1270,535,1
1270,2036,1
1270,2036,1
1270,1138,1
1270,1138,1
1270,1138,1
1270,2099,1
1270,2099,1
1270,464,1
1270,440,1
1270,2282,1
1270,276,1
1274,2311,1
1276,358,1
1280,596,1
1282,1282,2
1283,1259,1
1285,1116,2
1286,1286,1
1287,1287,1
1288,358,3
1289,1289,1
1293,897,1
1294,821,1
1296,1221,2
1296,1452,1
1297,1297,1
1301,1153,2
1302,358,1
1302,2099,1
1305,1305,1
1307,206,5
1308,1920,3
1310,760,1
1312,1804,2
1314,1237,1
1315,565,3
1319,535,1
1319,535,1
1319,459,1
1319,2310,1
1319,1319,1
1327,1378,1
1328,1715,3
1329,1329,5
1330,212,4
1332,535,1
1338,2098,1
1341,358,1
1343,1343,1
1349,2167,1
1354,1699,1
1363,2151,3
1365,0,2
1365,0,4
1365,0,3
1365,0,2
1365,0,2
1365,0,2
1365,0,3
1365,0,9
1369,1357,1
1374,2069,2
1375,2121,1
1383,833,82
1386,1633,1
1386,858,9
1388,2269,1
1389,277,1
1391,26,2
1393,905,1
1397,664,1
1398,376,11
1398,995,4
1400,1114,95
1400,2050,3
1401,1401,6
1403,1403,4
1413,1413,2
1415,1415,5
1416,1721,2
1420,331,1
1423,2115,5
1423,53,5
1424,1424,7
1430,2115,1
1431,500,1
1437,1220,1
1450,1385,1
1450,1522,1
1453,1278,1
1467,1237,1
1469,1469,7
1470,1380,3
1470,1523,1
1470,756,1
1470,1523,1
1470,356,1
1470,941,1
1471,1385,1
1471,111,2
1476,1508,1
1477,965,1
1477,1987,1
1477,1129,1
1477,1522,1
1477,431,1
1477,2115,1
1477,1186,1
1477,1596,2
1477,236,1
1477,1313,1
1477,1162,1
1477,358,1
1477,517,1
1477,1444,1
1477,1496,1
1477,2096,1
1477,358,1
1477,2298,1
1477,1220,1
1477,2302,1
1477,1279,1
1477,1496,1
1477,1444,2
1477,1522,1
1477,1184,2
1477,2115,1
1477,164,1
1477,1460,1
1477,851,1
1477,1987,1
1477,1348,1
1477,1726,1
1477,1410,1
1477,1970,1
1477,1278,1
1477,2302,1
1477,253,1
1477,1633,1
1477,1895,1
1477,535,1
1477,1096,1
1477,70,1
1477,1096,1
1477,440,1
1477,85,1
1477,1186,1
1477,276,1
1477,1096,1
1477,404,1
1477,2115,1
1477,431,1
1477,1628,1
1477,1984,1
1477,1170,1
1477,2337,1
1477,573,1
1477,1080,1
1477,2140,2
1477,2050,1
1477,1399,1
1477,1522,1
1477,1080,1
1477,2115,1
1477,2151,1
1477,666,1
1477,358,2
1477,1149,1
1477,851,1
1477,670,2
1477,737,1
1477,650,2
1477,666,1
1477,2096,1
1477,431,1
1477,874,1
1477,1169,1
1477,2151,1
1477,593,1
1478,447,2
1479,1103,1
1488,1715,1
1489,2099,1
1498,851,2
1498,742,1
1498,851,1
1500,253,1
1503,2302,1
1512,2107,1
1513,1895,1
1518,1047,45
1520,26,4
1521,459,3
1525,1867,1
1527,1527,27
1529,2074,1
1531,1531,122
1543,2202,1
1546,358,7
1549,2099,1
1549,2099,1
1549,1509,1
1551,1755,4
1552,1552,2182
1552,1552,909
1554,1076,1
1556,2116,2
1558,1444,2
1558,100,5
1560,524,2
1562,1385,1
1566,1536,3
1570,656,1
1570,1220,1
1571,1571,2
1571,1571,2
1571,1571,2
1575,2099,1
1576,1920,2
1581,1193,1
1582,77,3
1585,478,3
1588,1799,1
1589,1402,1
1589,1114,1
1594,1169,18
1599,2175,1
1603,358,2
1605,1952,1
1611,664,2
1611,197,1
1614,2077,1
1615,1292,1
1618,1618,3
1620,1620,3
1621,1812,5
1621,1902,3
1621,593,2
1623,660,1
1623,734,1
1632,141,1
1634,535,1
1637,360,3
1638,2295,5
1641,1485,1
1642,1715,2
1649,212,1
1650,967,2
1651,1162,1
1657,1186,2
1657,1801,1
1658,1462,28
1659,2143,5
1660,1592,2
1661,1681,3
1662,1662,12
1668,1668,2
1673,2267,1
1674,1674,1
1675,189,1
1676,1150,2
1679,452,51
1683,918,2
1684,1684,5
1686,442,1
1688,499,3
1688,1076,3
1690,394,7
1692,2099,3
1696,1715,1
1700,2097,1
1700,370,23
1702,250,1
1704,1221,4
1704,1390,2
1704,431,6
1704,1608,2
1704,593,7
1704,593,1
1704,2007,1
1704,593,2
1707,1138,18
1708,1708,1
1712,358,36
1713,2267,4
1714,1367,6
1714,0,3
1714,1495,1
1714,1494,3
1714,0,4
1714,776,3
1714,2140,7
1714,1460,9
1714,370,53
1714,1367,11
1718,581,3
1719,1072,5
1719,1809,1
1719,1689,3
1722,912,1
1735,1572,1
1735,725,1
1736,1458,1
1737,1715,1
1742,2151,1
1744,535,1
1748,1748,1
1751,1751,1
1750,417,2
1752,1537,1
1753,2099,2
1755,1523,2
1757,23,3
1757,1462,3
1757,2115,1
1757,1385,1
1757,965,2
1757,188,1
1757,1220,1
1757,1358,2
1757,661,1
1757,2115,1
1757,2151,2
1757,431,1
1757,703,1
1757,2302,1
1757,1410,3
1757,1313,1
1757,2115,1
1757,358,1
1757,2337,1
1757,751,1
1757,2235,1
1757,353,1
1757,1385,1
1757,1162,1
1757,1910,1
1757,1633,1
1757,269,2
1757,1221,1
1757,230,1
1757,1348,1
1757,1385,1
1757,1522,1
1757,440,1
1757,2099,1
1757,1348,1
1761,1058,2
1762,1445,1
1762,768,1
1762,1666,2
1762,2139,1
1763,500,2
1765,535,2
1769,2121,1
1770,1963,1
1771,813,1
1771,287,1
1774,1348,1
1774,1627,2
1774,383,6
1774,649,6
1774,1348,1
1774,164,3
1777,1779,1
1780,1780,2
1781,18,3
1787,2309,3
1789,2337,1
1793,346,2
1794,1794,1
1795,2267,1
1797,1797,3
1803,1715,1
1808,1510,1
1811,1183,1
1816,1816,4
1817,1817,4
1819,2212,1
1821,1220,1
1822,1320,14
1823,1183,1
1824,1824,3
1825,1147,1
1826,941,1
1828,655,2
1829,1829,1
1834,1460,12
1834,1526,10
1834,2186,19
1834,1779,7
1834,2115,1
1834,2210,3
1834,2294,1
1834,2229,1
1834,440,19
1834,1183,1
1834,1220,1
1834,1358,3
1834,1522,1
1834,1522,1
1834,1460,1
1834,1220,1
1834,1539,1
1834,1220,12
1834,600,42
1834,667,3
1834,565,1
1834,851,3
1834,249,13
1834,851,1
1834,600,3
1834,1248,1
1834,1382,1
1834,1460,1
1834,2096,7
1834,1380,3
1834,233,2
1834,1402,8
1834,1220,1
1834,1020,2
1834,2099,1
1834,927,2
1834,737,1
1834,1385,1
1834,1768,1
1834,1715,1
1834,1639,1
1834,111,1
1834,782,1
1834,1385,1
1834,1248,1
1834,1923,14
1834,409,1
1835,2139,1
1835,1114,1
1835,1451,1
1835,2115,2
1835,892,1
1835,440,1
1835,2151,1
1835,1347,2
1835,547,1
1835,2115,2
1835,405,1
1835,253,1
1835,1162,1
1838,2022,2
1839,664,20
1839,1457,6
1839,1063,4
1839,2306,7
1839,2096,1
1839,2306,1
1839,2306,8
1839,1029,8
1839,325,12
1839,1029,4
1839,196,8
1839,707,2
1839,1029,9
1839,325,3
1839,325,13
1840,2099,1
1844,1522,1
1847,1494,1
1851,398,1
1853,1853,1
1854,596,9
1855,2115,2
1855,1715,1
1855,1248,1
1858,562,1
1861,2008,4
1861,1044,3
1861,1183,1
1861,1114,1
1863,1506,4
1863,1159,1
1863,342,1
1863,1779,1
1873,1278,4
1874,1018,3
1877,358,10
1878,1916,3
1879,1879,1
1880,1522,3
1885,495,1
1890,688,3
1891,1384,1
1894,955,2
1894,517,1
1894,737,1
1894,1727,1
1893,535,1
1896,904,2
1897,1316,2
1898,850,29
1898,1522,9
1898,1633,5
1898,188,2
1898,1246,3
1898,1724,1
1898,440,2
1898,2306,3
1904,20,1
1905,1905,2
1909,1362,4
1911,1060,5
1912,535,1
1913,417,2
1919,2267,1
1920,417,2
1921,332,1
1928,593,3
1931,657,4
1931,1768,3
1933,1866,1
1934,1509,1
1936,358,1
1936,593,1
1937,1491,4
1942,1942,1
1946,535,2
1947,130,1
1948,1580,2
1948,1580,2
1956,884,3
1956,1956,7
1957,1779,1
1957,1779,1
1960,2192,1
1961,325,4
1961,2099,1
1961,1522,1
1961,1385,1
1962,226,2
1964,261,2
1965,1965,1
1966,2099,1
1966,1062,1
1968,363,3
1969,1969,2
1971,941,1
1973,2234,2
1979,1003,1
1980,1801,1
1982,1982,2
1983,1183,1
1986,440,1
1988,1444,1
1989,1183,2
1991,1396,1
1994,865,1
1995,1433,2
1997,1348,6
1999,1199,1
2000,1609,1
2000,2139,1
2000,440,1
2001,358,4
2004,195,7
2009,370,3
2018,370,54
2020,1429,1
2029,2029,4
2031,2031,1
2031,593,2
2035,2035,2
2037,2142,1
2038,2121,1
2038,430,1
2040,1317,1
2040,1496,1
2040,1522,1
2043,1798,3
2045,26,2
2047,1715,1
2048,10,1
2051,1695,3
2053,634,1
2056,1279,3
2062,135,3
2064,1221,1
2064,1452,1
2066,1444,1
2067,782,3
2067,891,1
2067,891,1
2067,1027,2
2067,833,2
2070,2221,2
2071,27,13
2071,851,2
2071,345,5
2071,358,1
2071,1764,2
2071,1348,1
2071,760,3
2073,2188,1
2079,540,1
2084,1493,4
2087,937,1
2088,358,10
2088,1895,2
2088,1504,1
2089,1402,1
2090,2090,1
2092,417,2
2105,535,1
2106,99,4
2108,2108,4
2110,0,3
2111,1526,4
2114,2114,3
2117,2228,1
2118,1540,1
2118,1654,1
2119,1729,1
2124,1523,6
2129,1237,1
2130,440,1
2133,1392,2
2138,2138,1
2144,2144,1
2146,1390,1
2149,1725,16
2150,592,3
2154,1522,1
2158,799,3
2165,1186,2
2166,2166,1
2168,1358,2
2168,547,1
2169,2362,1
2170,40,2
2171,2171,1
2173,358,4
2179,358,1
2180,982,1
2182,1220,1
2182,1220,1
2187,1889,1
2189,596,2
2189,1807,6
2190,2257,1
2190,1440,2
2191,500,1
2193,1186,1
2194,1318,2
2195,459,2
2196,2115,1
2197,54,3
2198,994,1
2200,635,1
2204,602,1
2205,1251,1
2207,1482,2
2209,2115,1
2208,1183,1
2211,1220,1
2214,417,2
2216,2216,1
2218,623,1
2219,2099,2
2220,2017,91
2220,358,7
2220,1252,1
2220,1715,4
2220,0,3
2222,2115,1
2225,230,3
2226,1906,1
2226,1977,1
2226,370,1
2232,1779,1
2237,2139,1
2238,2148,1
2238,2098,1
2240,1460,2
2241,1183,13
2246,1107,2
2247,535,1
2250,1522,1
2250,1427,1
2250,1630,2
2250,1355,1
2250,600,1
2250,1522,2
2250,386,1
2251,1380,1
2254,2254,2
2254,431,4
2254,1764,1
2255,18,6
2259,1715,1
2259,1715,1
2260,1527,13
2264,535,1
2266,1158,1
2268,999,5
2268,1222,6
2268,519,3
2268,1221,1
2268,89,4
2268,2147,3
2268,664,18
2270,2270,4
2271,1460,6
2274,1220,1
2279,1460,2
2279,135,3
2279,341,3
2279,387,1
2279,2210,1
2279,1077,3
2279,710,1
2279,1076,2
2279,1348,9
2279,15,2
2279,1626,4
2279,1617,1
2280,1522,1
2280,142,1
2281,2025,2
2283,1648,1
2287,1671,2
2292,600,1
2292,2297,1
2292,484,2
2292,1727,1
2292,941,1
2296,1076,1
2299,1749,1
2302,664,2
2303,2091,1
2303,18,8
2312,1522,1
2312,1633,1
2312,1639,1
2315,2115,1
2316,1357,1
2317,1730,1
2320,2016,7
2321,281,1
2323,2323,1
2324,2324,2
2325,696,2
2332,417,2
2333,1738,1
2334,1832,1
2336,1321,2076
2338,1313,1
2340,2340,2
2342,440,2
2344,2188,1
2345,1494,13
2352,416,4
2353,1932,1
2357,1385,1
2358,1715,1
2361,2075,1
